,date,state,place_type,confirmed
1,2021-07-26,AP,state,120803
491,2021-07-26,AP,city,1377
937,2021-07-26,AP,city,1678
1378,2021-07-26,AP,city,872
1815,2021-07-26,AP,city,1533
2255,2021-07-26,AP,city,530
2703,2021-07-26,AP,city,8377
3160,2021-07-26,AP,city,59416
3643,2021-07-26,AP,city,3068
4101,2021-07-26,AP,city,5291
4569,2021-07-26,AP,city,3490
5018,2021-07-26,AP,city,2041
5476,2021-07-26,AP,city,393
5913,2021-07-26,AP,city,25558
6380,2021-07-26,AP,city,1286
6830,2021-07-26,AP,city,1966
7276,2021-07-26,AP,city,3927
7735,2021-07-26,AC,state,86987
18142,2021-07-26,AM,state,414344
18638,2021-07-26,AM,city,2901
19086,2021-07-26,AM,city,2369
19544,2021-07-26,AM,city,1864
20012,2021-07-26,AM,city,1901
20496,2021-07-26,AM,city,1447
20940,2021-07-26,AM,city,2809
21392,2021-07-26,AM,city,2886
21854,2021-07-26,AM,city,4425
22314,2021-07-26,AM,city,2436
22764,2021-07-26,AM,city,2707
23224,2021-07-26,AM,city,2281
23685,2021-07-26,AM,city,973
24134,2021-07-26,AM,city,2668
24621,2021-07-26,AM,city,2368
25076,2021-07-26,AM,city,682
25534,2021-07-26,AM,city,1356
25997,2021-07-26,AM,city,6720
26463,2021-07-26,AM,city,4426
26934,2021-07-26,AM,city,1015
27416,2021-07-26,AM,city,9484
27881,2021-07-26,AM,city,2575
28339,2021-07-26,AM,city,4205
28790,2021-07-26,AM,city,2691
29214,2021-07-26,AM,city,1599
29672,2021-07-26,AM,city,1690
30110,2021-07-26,AM,city,8050
30566,2021-07-26,AM,city,5465
30990,2021-07-26,AM,city,8884
31467,2021-07-26,AM,city,9717
31951,2021-07-26,AM,city,965
32390,2021-07-26,AM,city,3088
32846,2021-07-26,AM,city,1026
33287,2021-07-26,AM,city,985
33750,2021-07-26,AM,city,2759
34226,2021-07-26,AM,city,6995
34694,2021-07-26,AM,city,9561
35180,2021-07-26,AM,city,1771
35639,2021-07-26,AM,city,195505
36135,2021-07-26,AM,city,4694
36609,2021-07-26,AM,city,2416
37069,2021-07-26,AM,city,4907
37541,2021-07-26,AM,city,1875
38000,2021-07-26,AM,city,2631
38460,2021-07-26,AM,city,2383
38943,2021-07-26,AM,city,2033
39401,2021-07-26,AM,city,10014
39892,2021-07-26,AM,city,2766
40334,2021-07-26,AM,city,6191
40808,2021-07-26,AM,city,4777
41268,2021-07-26,AM,city,2745
41732,2021-07-26,AM,city,1858
42219,2021-07-26,AM,city,1381
42677,2021-07-26,AM,city,8103
43150,2021-07-26,AM,city,5262
43625,2021-07-26,AM,city,1576
44082,2021-07-26,AM,city,3315
44556,2021-07-26,AM,city,1924
45014,2021-07-26,AM,city,9751
45486,2021-07-26,AM,city,1353
45966,2021-07-26,AM,city,1966
46403,2021-07-26,AM,city,2488
46860,2021-07-26,AM,city,2686
47317,2021-07-26,DF,state,446772
47823,2021-07-26,DF,city,392981
48328,2021-07-26,DF,city,53791
48816,2021-07-26,AL,state,228442
92362,2021-07-26,CE,state,914992
173862,2021-07-26,ES,state,540031
174370,2021-07-26,ES,city,3469
174831,2021-07-26,ES,city,2729
175272,2021-07-26,ES,city,2473
175722,2021-07-26,ES,city,729
176184,2021-07-26,ES,city,4867
176630,2021-07-26,ES,city,863
177073,2021-07-26,ES,city,16618
177534,2021-07-26,ES,city,1532
177968,2021-07-26,ES,city,3713
178402,2021-07-26,ES,city,4918
178836,2021-07-26,ES,city,1659
179291,2021-07-26,ES,city,1120
179738,2021-07-26,ES,city,1686
180184,2021-07-26,ES,city,27174
180657,2021-07-26,ES,city,41505
181130,2021-07-26,ES,city,6073
181597,2021-07-26,ES,city,19691
182056,2021-07-26,ES,city,1860
182490,2021-07-26,ES,city,1437
182924,2021-07-26,ES,city,446
183358,2021-07-26,ES,city,4157
183799,2021-07-26,ES,city,748
184233,2021-07-26,ES,city,3572
184667,2021-07-26,ES,city,2693
185127,2021-07-26,ES,city,2170
185561,2021-07-26,ES,city,16597
186026,2021-07-26,ES,city,2786
186467,2021-07-26,ES,city,3788
186901,2021-07-26,ES,city,1803
187357,2021-07-26,ES,city,481
187791,2021-07-26,ES,city,2718
188227,2021-07-26,ES,city,4353
188696,2021-07-26,ES,city,1665
189137,2021-07-26,ES,city,1690
189571,2021-07-26,ES,city,4439
190036,2021-07-26,ES,city,1500
190470,2021-07-26,ES,city,2958
190904,2021-07-26,ES,city,3820
191338,2021-07-26,ES,city,1301
191786,2021-07-26,ES,city,2774
192232,2021-07-26,ES,city,903
192666,2021-07-26,ES,city,26859
193140,2021-07-26,ES,city,954
193574,2021-07-26,ES,city,6987
194010,2021-07-26,ES,city,3447
194448,2021-07-26,ES,city,2086
194882,2021-07-26,ES,city,3120
195316,2021-07-26,ES,city,1723
195750,2021-07-26,ES,city,628
196184,2021-07-26,ES,city,2935
196618,2021-07-26,ES,city,1977
197052,2021-07-26,ES,city,6172
197507,2021-07-26,ES,city,2493
197941,2021-07-26,ES,city,2282
198387,2021-07-26,ES,city,3500
198821,2021-07-26,ES,city,2692
199264,2021-07-26,ES,city,662
199698,2021-07-26,ES,city,2167
200144,2021-07-26,ES,city,2656
200578,2021-07-26,ES,city,1622
201024,2021-07-26,ES,city,1141
201474,2021-07-26,ES,city,5659
201922,2021-07-26,ES,city,4364
202392,2021-07-26,ES,city,68390
202862,2021-07-26,ES,city,3366
203322,2021-07-26,ES,city,1430
203756,2021-07-26,ES,city,6819
204208,2021-07-26,ES,city,1047
204659,2021-07-26,ES,city,13004
205123,2021-07-26,ES,city,1764
205589,2021-07-26,ES,city,2451
206023,2021-07-26,ES,city,4579
206477,2021-07-26,ES,city,8503
206939,2021-07-26,ES,city,1044
207373,2021-07-26,ES,city,3171
207820,2021-07-26,ES,city,66928
208294,2021-07-26,ES,city,57145
208768,2021-07-26,ES,city,860
209202,2021-07-26,ES,city,1926
209636,2021-07-26,MS,state,353161
243801,2021-07-26,GO,state,728153
244303,2021-07-26,GO,city,1598
244730,2021-07-26,GO,city,457
245149,2021-07-26,GO,city,2368
245565,2021-07-26,GO,city,220
245977,2021-07-26,GO,city,3233
246416,2021-07-26,GO,city,286
246880,2021-07-26,GO,city,926
247268,2021-07-26,GO,city,672
247706,2021-07-26,GO,city,774
248106,2021-07-26,GO,city,110
248532,2021-07-26,GO,city,794
248931,2021-07-26,GO,city,299
249357,2021-07-26,GO,city,91
249823,2021-07-26,GO,city,3109
250262,2021-07-26,GO,city,42317
250751,2021-07-26,GO,city,72229
251238,2021-07-26,GO,city,242
251670,2021-07-26,GO,city,369
252104,2021-07-26,GO,city,2907
252541,2021-07-26,GO,city,1078
253001,2021-07-26,GO,city,664
253427,2021-07-26,GO,city,451
253855,2021-07-26,GO,city,255
254228,2021-07-26,GO,city,561
254623,2021-07-26,GO,city,221
255049,2021-07-26,GO,city,317
255498,2021-07-26,GO,city,392
255877,2021-07-26,GO,city,1397
256329,2021-07-26,GO,city,2809
256796,2021-07-26,GO,city,993
257231,2021-07-26,GO,city,2900
257703,2021-07-26,GO,city,474
258129,2021-07-26,GO,city,207
258494,2021-07-26,GO,city,518
258918,2021-07-26,GO,city,655
259357,2021-07-26,GO,city,1010
259759,2021-07-26,GO,city,247
260154,2021-07-26,GO,city,199
260555,2021-07-26,GO,city,362
260977,2021-07-26,GO,city,1607
261394,2021-07-26,GO,city,637
261817,2021-07-26,GO,city,87
262197,2021-07-26,GO,city,1379
262616,2021-07-26,GO,city,9883
263090,2021-07-26,GO,city,341
263524,2021-07-26,GO,city,531
263998,2021-07-26,GO,city,211
264354,2021-07-26,GO,city,1478
264805,2021-07-26,GO,city,292
265242,2021-07-26,GO,city,227
265655,2021-07-26,GO,city,1935
266095,2021-07-26,GO,city,339
266482,2021-07-26,GO,city,678
266940,2021-07-26,GO,city,365
267355,2021-07-26,GO,city,10804
267839,2021-07-26,GO,city,515
268278,2021-07-26,GO,city,369
268694,2021-07-26,GO,city,1433
269129,2021-07-26,GO,city,2834
269587,2021-07-26,GO,city,992
270001,2021-07-26,GO,city,2006
270435,2021-07-26,GO,city,5718
270909,2021-07-26,GO,city,1820
271331,2021-07-26,GO,city,320
271768,2021-07-26,GO,city,991
272206,2021-07-26,GO,city,724
272645,2021-07-26,GO,city,3081
273084,2021-07-26,GO,city,286
273472,2021-07-26,GO,city,2216
273884,2021-07-26,GO,city,239
274304,2021-07-26,GO,city,302
274719,2021-07-26,GO,city,289
275158,2021-07-26,GO,city,110
275513,2021-07-26,GO,city,221
275926,2021-07-26,GO,city,102
276287,2021-07-26,GO,city,196
276666,2021-07-26,GO,city,252
277061,2021-07-26,GO,city,504
277496,2021-07-26,GO,city,562
277897,2021-07-26,GO,city,1752
278336,2021-07-26,GO,city,252
278745,2021-07-26,GO,city,606
279206,2021-07-26,GO,city,494
279594,2021-07-26,GO,city,723
280013,2021-07-26,GO,city,193
280428,2021-07-26,GO,city,9878
280890,2021-07-26,GO,city,513
281264,2021-07-26,GO,city,456
281683,2021-07-26,GO,city,362
282150,2021-07-26,GO,city,3774
282611,2021-07-26,GO,city,1255
283036,2021-07-26,GO,city,10182
283514,2021-07-26,GO,city,5382
283981,2021-07-26,GO,city,1736
284394,2021-07-26,GO,city,171622
284887,2021-07-26,GO,city,623
285310,2021-07-26,GO,city,1691
285777,2021-07-26,GO,city,271
286177,2021-07-26,GO,city,289
286586,2021-07-26,GO,city,182
286967,2021-07-26,GO,city,243
287351,2021-07-26,GO,city,239
287763,2021-07-26,GO,city,2738
288242,2021-07-26,GO,city,806
288643,2021-07-26,GO,city,0
289129,2021-07-26,GO,city,945
289537,2021-07-26,GO,city,1122
289967,2021-07-26,GO,city,7734
290423,2021-07-26,GO,city,2367
290871,2021-07-26,GO,city,157
291285,2021-07-26,GO,city,4221
291724,2021-07-26,GO,city,154
292137,2021-07-26,GO,city,3898
292564,2021-07-26,GO,city,776
292955,2021-07-26,GO,city,451
293418,2021-07-26,GO,city,240
293847,2021-07-26,GO,city,2182
294269,2021-07-26,GO,city,768
294676,2021-07-26,GO,city,3684
295111,2021-07-26,GO,city,564
295503,2021-07-26,GO,city,1276
295922,2021-07-26,GO,city,11464
296398,2021-07-26,GO,city,236
296833,2021-07-26,GO,city,808
297246,2021-07-26,GO,city,6328
297696,2021-07-26,GO,city,12278
298183,2021-07-26,GO,city,73
298584,2021-07-26,GO,city,156
299031,2021-07-26,GO,city,1140
299465,2021-07-26,GO,city,1837
299906,2021-07-26,GO,city,108
300251,2021-07-26,GO,city,546
300680,2021-07-26,GO,city,26694
301161,2021-07-26,GO,city,213
301541,2021-07-26,GO,city,275
301924,2021-07-26,GO,city,318
302362,2021-07-26,GO,city,247
302721,2021-07-26,GO,city,352
303116,2021-07-26,GO,city,1073
303543,2021-07-26,GO,city,142
303952,2021-07-26,GO,city,2739
304391,2021-07-26,GO,city,10837
304842,2021-07-26,GO,city,56
305216,2021-07-26,GO,city,235
305635,2021-07-26,GO,city,1181
306048,2021-07-26,GO,city,1259
306515,2021-07-26,GO,city,282
306915,2021-07-26,GO,city,7074
307376,2021-07-26,GO,city,247
307767,2021-07-26,GO,city,260
308175,2021-07-26,GO,city,2025
308596,2021-07-26,GO,city,458
308996,2021-07-26,GO,city,336
309416,2021-07-26,GO,city,891
309818,2021-07-26,GO,city,1598
310281,2021-07-26,GO,city,4356
310730,2021-07-26,GO,city,320
311157,2021-07-26,GO,city,188
311561,2021-07-26,GO,city,1676
311962,2021-07-26,GO,city,930
312430,2021-07-26,GO,city,261
312830,2021-07-26,GO,city,198
313176,2021-07-26,GO,city,1186
313648,2021-07-26,GO,city,344
314055,2021-07-26,GO,city,4881
314507,2021-07-26,GO,city,301
314932,2021-07-26,GO,city,589
315334,2021-07-26,GO,city,380
315736,2021-07-26,GO,city,747
316134,2021-07-26,GO,city,1851
316571,2021-07-26,GO,city,247
316943,2021-07-26,GO,city,5684
317380,2021-07-26,GO,city,234
317768,2021-07-26,GO,city,501
318206,2021-07-26,GO,city,251
318605,2021-07-26,GO,city,471
319080,2021-07-26,GO,city,768
319542,2021-07-26,GO,city,183
319941,2021-07-26,GO,city,1393
320339,2021-07-26,GO,city,313
320698,2021-07-26,GO,city,2710
321137,2021-07-26,GO,city,1452
321563,2021-07-26,GO,city,2145
322026,2021-07-26,GO,city,3394
322493,2021-07-26,GO,city,4047
322948,2021-07-26,GO,city,1724
323346,2021-07-26,GO,city,2675
323783,2021-07-26,GO,city,1804
324181,2021-07-26,GO,city,566
324610,2021-07-26,GO,city,2052
325029,2021-07-26,GO,city,261
325494,2021-07-26,GO,city,4496
325929,2021-07-26,GO,city,1621
326393,2021-07-26,GO,city,700
326821,2021-07-26,GO,city,473
327207,2021-07-26,GO,city,27569
327700,2021-07-26,GO,city,2675
328119,2021-07-26,GO,city,663
328514,2021-07-26,GO,city,813
328908,2021-07-26,GO,city,157
329302,2021-07-26,GO,city,785
329747,2021-07-26,GO,city,4456
330197,2021-07-26,GO,city,457
330605,2021-07-26,GO,city,479
331035,2021-07-26,GO,city,177
331450,2021-07-26,GO,city,363
331866,2021-07-26,GO,city,233
332266,2021-07-26,GO,city,883
332685,2021-07-26,GO,city,455
333094,2021-07-26,GO,city,1070
333531,2021-07-26,GO,city,3045
333991,2021-07-26,GO,city,18622
334463,2021-07-26,GO,city,1273
334886,2021-07-26,GO,city,1828
335367,2021-07-26,GO,city,357
335747,2021-07-26,GO,city,167
336069,2021-07-26,GO,city,457
336471,2021-07-26,GO,city,693
336894,2021-07-26,GO,city,81
337307,2021-07-26,GO,city,544
337709,2021-07-26,GO,city,4466
338181,2021-07-26,GO,city,2605
338600,2021-07-26,GO,city,328
338992,2021-07-26,GO,city,315
339363,2021-07-26,GO,city,1482
339797,2021-07-26,GO,city,31
340107,2021-07-26,GO,city,248
340482,2021-07-26,GO,city,204
340869,2021-07-26,GO,city,1070
341294,2021-07-26,GO,city,11034
341768,2021-07-26,GO,city,431
342122,2021-07-26,GO,city,226
342519,2021-07-26,GO,city,887
342920,2021-07-26,GO,city,627
343339,2021-07-26,GO,city,214
343720,2021-07-26,GO,city,1280
344146,2021-07-26,GO,city,5111
344609,2021-07-26,GO,city,181
345057,2021-07-26,GO,city,12551
345539,2021-07-26,GO,city,508
345936,2021-07-26,GO,city,777
346404,2021-07-26,GO,city,1294
346811,2021-07-26,GO,city,189
347211,2021-07-26,GO,city,347
347598,2021-07-26,GO,city,312
348011,2021-07-26,GO,city,161
348377,2021-07-26,GO,city,8445
348856,2021-07-26,PA,state,570021
414120,2021-07-26,MT,state,483834
414611,2021-07-26,MT,city,525
414949,2021-07-26,MT,city,9315
415323,2021-07-26,MT,city,1513
415655,2021-07-26,MT,city,810
415984,2021-07-26,MT,city,981
416315,2021-07-26,MT,city,899
416649,2021-07-26,MT,city,1539
416946,2021-07-26,MT,city,1820
417246,2021-07-26,MT,city,391
417537,2021-07-26,MT,city,29
417820,2021-07-26,MT,city,2032
418137,2021-07-26,MT,city,1855
418456,2021-07-26,MT,city,2998
418828,2021-07-26,MT,city,3392
419146,2021-07-26,MT,city,9718
419506,2021-07-26,MT,city,386
419807,2021-07-26,MT,city,1059
420135,2021-07-26,MT,city,2066
420442,2021-07-26,MT,city,1505
420751,2021-07-26,MT,city,7357
421125,2021-07-26,MT,city,6253
421459,2021-07-26,MT,city,1101
421788,2021-07-26,MT,city,466
422102,2021-07-26,MT,city,3441
422474,2021-07-26,MT,city,2050
422749,2021-07-26,MT,city,680
423047,2021-07-26,MT,city,1780
423418,2021-07-26,MT,city,1609
423725,2021-07-26,MT,city,741
424018,2021-07-26,MT,city,2496
424336,2021-07-26,MT,city,5603
424663,2021-07-26,MT,city,1900
424982,2021-07-26,MT,city,3775
425337,2021-07-26,MT,city,445
425700,2021-07-26,MT,city,1070
426040,2021-07-26,MT,city,98420
426425,2021-07-26,MT,city,495
426772,2021-07-26,MT,city,10544
427144,2021-07-26,MT,city,629
427465,2021-07-26,MT,city,2740
427777,2021-07-26,MT,city,611
428104,2021-07-26,MT,city,1906
428413,2021-07-26,MT,city,325
428718,2021-07-26,MT,city,1117
429025,2021-07-26,MT,city,788
429329,2021-07-26,MT,city,335
429603,2021-07-26,MT,city,4216
429934,2021-07-26,MT,city,279
430255,2021-07-26,MT,city,2924
430627,2021-07-26,MT,city,236
430925,2021-07-26,MT,city,1243
431285,2021-07-26,MT,city,850
431604,2021-07-26,MT,city,823
431912,2021-07-26,MT,city,689
432225,2021-07-26,MT,city,3256
432581,2021-07-26,MT,city,556
432931,2021-07-26,MT,city,721
433260,2021-07-26,MT,city,4756
433585,2021-07-26,MT,city,1366
433886,2021-07-26,MT,city,1342
434220,2021-07-26,MT,city,4029
434546,2021-07-26,MT,city,690
434916,2021-07-26,MT,city,14482
435292,2021-07-26,MT,city,177
435618,2021-07-26,MT,city,1670
435943,2021-07-26,MT,city,2292
436270,2021-07-26,MT,city,3780
436630,2021-07-26,MT,city,1837
436965,2021-07-26,MT,city,855
437265,2021-07-26,MT,city,1041
437601,2021-07-26,MT,city,931
437898,2021-07-26,MT,city,358
438200,2021-07-26,MT,city,1510
438499,2021-07-26,MT,city,804
438820,2021-07-26,MT,city,978
439161,2021-07-26,MT,city,401
439471,2021-07-26,MT,city,689
439789,2021-07-26,MT,city,1493
440172,2021-07-26,MT,city,8405
440546,2021-07-26,MT,city,344
440841,2021-07-26,MT,city,1627
441174,2021-07-26,MT,city,541
441496,2021-07-26,MT,city,814
441829,2021-07-26,MT,city,3228
442162,2021-07-26,MT,city,452
442454,2021-07-26,MT,city,888
442782,2021-07-26,MT,city,338
443101,2021-07-26,MT,city,630
443392,2021-07-26,MT,city,3371
443707,2021-07-26,MT,city,2619
444027,2021-07-26,MT,city,1845
444354,2021-07-26,MT,city,4088
444702,2021-07-26,MT,city,305
444983,2021-07-26,MT,city,3246
445334,2021-07-26,MT,city,1034
445689,2021-07-26,MT,city,147
446029,2021-07-26,MT,city,5508
446393,2021-07-26,MT,city,858
446723,2021-07-26,MT,city,1297
447043,2021-07-26,MT,city,430
447341,2021-07-26,MT,city,651
447646,2021-07-26,MT,city,1751
447993,2021-07-26,MT,city,12708
448364,2021-07-26,MT,city,3413
448718,2021-07-26,MT,city,248
449009,2021-07-26,MT,city,1354
449337,2021-07-26,MT,city,215
449629,2021-07-26,MT,city,761
449985,2021-07-26,MT,city,309
450318,2021-07-26,MT,city,34356
450697,2021-07-26,MT,city,1319
451040,2021-07-26,MT,city,263
451331,2021-07-26,MT,city,792
451643,2021-07-26,MT,city,399
451957,2021-07-26,MT,city,193
452290,2021-07-26,MT,city,487
452588,2021-07-26,MT,city,312
452907,2021-07-26,MT,city,281
453222,2021-07-26,MT,city,1094
453561,2021-07-26,MT,city,4566
453890,2021-07-26,MT,city,239
454195,2021-07-26,MT,city,23340
454571,2021-07-26,MT,city,16948
454914,2021-07-26,MT,city,1828
455249,2021-07-26,MT,city,177
455577,2021-07-26,MT,city,1777
455890,2021-07-26,MT,city,590
456218,2021-07-26,MT,city,2640
456590,2021-07-26,MT,city,681
456933,2021-07-26,MT,city,1550
457242,2021-07-26,MT,city,16604
457619,2021-07-26,MT,city,2491
457956,2021-07-26,MT,city,1235
458282,2021-07-26,MT,city,277
458569,2021-07-26,MT,city,586
458849,2021-07-26,MT,city,650
459221,2021-07-26,MT,city,281
459561,2021-07-26,MT,city,1324
459884,2021-07-26,MT,city,2575
460242,2021-07-26,MT,city,2151
460575,2021-07-26,MT,city,32384
460959,2021-07-26,MT,city,3235
461299,2021-07-26,MG,state,1937490
754019,2021-07-26,RJ,state,1014915
754518,2021-07-26,RJ,city,14397
754996,2021-07-26,RJ,city,636
755450,2021-07-26,RJ,city,6418
755924,2021-07-26,RJ,city,1450
756386,2021-07-26,RJ,city,4646
756849,2021-07-26,RJ,city,749
757325,2021-07-26,RJ,city,15805
757820,2021-07-26,RJ,city,6406
758294,2021-07-26,RJ,city,21072
758776,2021-07-26,RJ,city,1788
759246,2021-07-26,RJ,city,3632
759713,2021-07-26,RJ,city,13917
760183,2021-07-26,RJ,city,3198
760650,2021-07-26,RJ,city,1021
761083,2021-07-26,RJ,city,28759
761567,2021-07-26,RJ,city,3139
762035,2021-07-26,RJ,city,1600
762497,2021-07-26,RJ,city,1246
762936,2021-07-26,RJ,city,2279
763381,2021-07-26,RJ,city,4306
763851,2021-07-26,RJ,city,797
764280,2021-07-26,RJ,city,2045
764735,2021-07-26,RJ,city,2755
765186,2021-07-26,RJ,city,213
765606,2021-07-26,RJ,city,23006
766090,2021-07-26,RJ,city,1482
766532,2021-07-26,RJ,city,4850
767021,2021-07-26,RJ,city,4565
767495,2021-07-26,RJ,city,0
767982,2021-07-26,RJ,city,12435
768463,2021-07-26,RJ,city,5216
768938,2021-07-26,RJ,city,559
769388,2021-07-26,RJ,city,2427
769834,2021-07-26,RJ,city,7387
770306,2021-07-26,RJ,city,2001
770773,2021-07-26,RJ,city,1080
771243,2021-07-26,RJ,city,578
771679,2021-07-26,RJ,city,27289
772156,2021-07-26,RJ,city,1009
772610,2021-07-26,RJ,city,12494
773085,2021-07-26,RJ,city,2960
773565,2021-07-26,RJ,city,9605
774044,2021-07-26,RJ,city,1948
774506,2021-07-26,RJ,city,3636
774981,2021-07-26,RJ,city,2646
775469,2021-07-26,RJ,city,2805
775916,2021-07-26,RJ,city,1098
776355,2021-07-26,RJ,city,3750
776829,2021-07-26,RJ,city,41819
777321,2021-07-26,RJ,city,21737
777794,2021-07-26,RJ,city,20024
778274,2021-07-26,RJ,city,2463
778741,2021-07-26,RJ,city,2714
779209,2021-07-26,RJ,city,4847
779682,2021-07-26,RJ,city,2713
780150,2021-07-26,RJ,city,14722
780637,2021-07-26,RJ,city,2962
781096,2021-07-26,RJ,city,4195
781561,2021-07-26,RJ,city,2175
782035,2021-07-26,RJ,city,1915
782505,2021-07-26,RJ,city,925
782975,2021-07-26,RJ,city,6054
783453,2021-07-26,RJ,city,2980
783915,2021-07-26,RJ,city,14841
784398,2021-07-26,RJ,city,6163
784876,2021-07-26,RJ,city,1530
785307,2021-07-26,RJ,city,403
785776,2021-07-26,RJ,city,13175
786255,2021-07-26,RJ,city,390868
786749,2021-07-26,RJ,city,245
787200,2021-07-26,RJ,city,5535
787657,2021-07-26,RJ,city,2940
788127,2021-07-26,RJ,city,3155
788592,2021-07-26,RJ,city,2774
789071,2021-07-26,RJ,city,1598
789533,2021-07-26,RJ,city,1094
790001,2021-07-26,RJ,city,565
790466,2021-07-26,RJ,city,1704
790933,2021-07-26,RJ,city,53399
791418,2021-07-26,RJ,city,392
791869,2021-07-26,RJ,city,2161
792319,2021-07-26,RJ,city,4400
792791,2021-07-26,RJ,city,10694
793269,2021-07-26,RJ,city,4896
793746,2021-07-26,RJ,city,527
794199,2021-07-26,RJ,city,3685
794671,2021-07-26,RJ,city,24936
795149,2021-07-26,RJ,city,727
795621,2021-07-26,RJ,city,9970
796095,2021-07-26,RJ,city,4352
796578,2021-07-26,RJ,city,2393
797007,2021-07-26,RJ,city,2417
797461,2021-07-26,RJ,city,34031
797945,2021-07-26,RR,state,118968
798436,2021-07-26,RR,city,1512
798907,2021-07-26,RR,city,1125
799351,2021-07-26,RR,city,91854
799839,2021-07-26,RR,city,2374
800324,2021-07-26,RR,city,2356
800800,2021-07-26,RR,city,2608
801249,2021-07-26,RR,city,1947
801706,2021-07-26,RR,city,2641
802155,2021-07-26,RR,city,1198
802599,2021-07-26,RR,city,2203
803061,2021-07-26,RR,city,499
803505,2021-07-26,RR,city,2282
803972,2021-07-26,RR,city,3122
804434,2021-07-26,RR,city,1478
804879,2021-07-26,RR,city,606
805340,2021-07-26,RR,city,1163
805785,2021-07-26,RO,state,256357
828239,2021-07-26,RN,state,358044
884040,2021-07-26,MA,state,333606
980918,2021-07-26,SE,state,273330
1014629,2021-07-26,BA,state,1186213
1196555,2021-07-26,TO,state,208398
1254274,2021-07-26,SC,state,1104454
1254776,2021-07-26,SC,city,429
1255192,2021-07-26,SC,city,1625
1255626,2021-07-26,SC,city,1648
1256045,2021-07-26,SC,city,659
1256472,2021-07-26,SC,city,1065
1256891,2021-07-26,SC,city,199
1257334,2021-07-26,SC,city,672
1257765,2021-07-26,SC,city,531
1258152,2021-07-26,SC,city,1198
1258620,2021-07-26,SC,city,340
1259009,2021-07-26,SC,city,1632
1259488,2021-07-26,SC,city,841
1259892,2021-07-26,SC,city,419
1260351,2021-07-26,SC,city,3723
1260798,2021-07-26,SC,city,10809
1261270,2021-07-26,SC,city,1420
1261729,2021-07-26,SC,city,607
1262139,2021-07-26,SC,city,317
1262580,2021-07-26,SC,city,1201
1262997,2021-07-26,SC,city,475
1263425,2021-07-26,SC,city,866
1263891,2021-07-26,SC,city,2108
1264372,2021-07-26,SC,city,1442
1264823,2021-07-26,SC,city,25076
1265311,2021-07-26,SC,city,1331
1265782,2021-07-26,SC,city,5082
1266248,2021-07-26,SC,city,1449
1266688,2021-07-26,SC,city,411
1267060,2021-07-26,SC,city,189
1267402,2021-07-26,SC,city,4483
1267868,2021-07-26,SC,city,81
1268274,2021-07-26,SC,city,323
1268654,2021-07-26,SC,city,1055
1269097,2021-07-26,SC,city,11167
1269570,2021-07-26,SC,city,54624
1270054,2021-07-26,SC,city,390
1270463,2021-07-26,SC,city,666
1270874,2021-07-26,SC,city,455
1271279,2021-07-26,SC,city,183
1271643,2021-07-26,SC,city,876
1272038,2021-07-26,SC,city,3502
1272478,2021-07-26,SC,city,922
1272947,2021-07-26,SC,city,8547
1273438,2021-07-26,SC,city,719
1273843,2021-07-26,SC,city,287
1274250,2021-07-26,SC,city,28267
1274728,2021-07-26,SC,city,654
1275146,2021-07-26,SC,city,47
1275533,2021-07-26,SC,city,12863
1276014,2021-07-26,SC,city,1312
1276454,2021-07-26,SC,city,758
1276829,2021-07-26,SC,city,1308
1277269,2021-07-26,SC,city,5860
1277696,2021-07-26,SC,city,1392
1278177,2021-07-26,SC,city,6706
1278616,2021-07-26,SC,city,5058
1279038,2021-07-26,SC,city,4568
1279500,2021-07-26,SC,city,179
1279876,2021-07-26,SC,city,2002
1280333,2021-07-26,SC,city,526
1280775,2021-07-26,SC,city,6301
1281241,2021-07-26,SC,city,453
1281626,2021-07-26,SC,city,173
1281988,2021-07-26,SC,city,397
1282350,2021-07-26,SC,city,36918
1282836,2021-07-26,SC,city,3553
1283302,2021-07-26,SC,city,15300
1283761,2021-07-26,SC,city,587
1284192,2021-07-26,SC,city,1692
1284629,2021-07-26,SC,city,218
1285041,2021-07-26,SC,city,1759
1285452,2021-07-26,SC,city,1882
1285874,2021-07-26,SC,city,37679
1286360,2021-07-26,SC,city,1049
1286800,2021-07-26,SC,city,192
1287214,2021-07-26,SC,city,5005
1287633,2021-07-26,SC,city,1062
1288050,2021-07-26,SC,city,1992
1288472,2021-07-26,SC,city,494
1288886,2021-07-26,SC,city,444
1289302,2021-07-26,SC,city,669
1289733,2021-07-26,SC,city,365
1290141,2021-07-26,SC,city,874
1290551,2021-07-26,SC,city,1819
1290999,2021-07-26,SC,city,174
1291395,2021-07-26,SC,city,78530
1291889,2021-07-26,SC,city,399
1292267,2021-07-26,SC,city,6377
1292734,2021-07-26,SC,city,4793
1293181,2021-07-26,SC,city,345
1293561,2021-07-26,SC,city,440
1293974,2021-07-26,SC,city,3370
1294440,2021-07-26,SC,city,2018
1294885,2021-07-26,SC,city,8301
1295368,2021-07-26,SC,city,2666
1295840,2021-07-26,SC,city,2145
1296325,2021-07-26,SC,city,1351
1296766,2021-07-26,SC,city,3732
1297233,2021-07-26,SC,city,1963
1297648,2021-07-26,SC,city,6550
1298114,2021-07-26,SC,city,543
1298511,2021-07-26,SC,city,793
1298951,2021-07-26,SC,city,4401
1299408,2021-07-26,SC,city,258
1299788,2021-07-26,SC,city,521
1300233,2021-07-26,SC,city,1691
1300681,2021-07-26,SC,city,1837
1301139,2021-07-26,SC,city,1041
1301537,2021-07-26,SC,city,6815
1302023,2021-07-26,SC,city,609
1302449,2021-07-26,SC,city,0
1302930,2021-07-26,SC,city,10102
1303407,2021-07-26,SC,city,312
1303794,2021-07-26,SC,city,452
1304234,2021-07-26,SC,city,795
1304638,2021-07-26,SC,city,1036
1305066,2021-07-26,SC,city,864
1305528,2021-07-26,SC,city,503
1305926,2021-07-26,SC,city,1656
1306381,2021-07-26,SC,city,306
1306853,2021-07-26,SC,city,775
1307229,2021-07-26,SC,city,2761
1307687,2021-07-26,SC,city,35922
1308172,2021-07-26,SC,city,12087
1308652,2021-07-26,SC,city,2270
1309123,2021-07-26,SC,city,3392
1309546,2021-07-26,SC,city,3526
1310009,2021-07-26,SC,city,1074
1310458,2021-07-26,SC,city,7357
1310941,2021-07-26,SC,city,948
1311393,2021-07-26,SC,city,1431
1311826,2021-07-26,SC,city,3368
1312311,2021-07-26,SC,city,32020
1312797,2021-07-26,SC,city,369
1313206,2021-07-26,SC,city,6593
1313679,2021-07-26,SC,city,100790
1314172,2021-07-26,SC,city,664
1314589,2021-07-26,SC,city,291
1315011,2021-07-26,SC,city,479
1315402,2021-07-26,SC,city,27328
1315886,2021-07-26,SC,city,5463
1316368,2021-07-26,SC,city,243
1316788,2021-07-26,SC,city,1159
1317205,2021-07-26,SC,city,2554
1317650,2021-07-26,SC,city,1148
1318047,2021-07-26,SC,city,325
1318418,2021-07-26,SC,city,926
1318877,2021-07-26,SC,city,1192
1319296,2021-07-26,SC,city,2133
1319731,2021-07-26,SC,city,1075
1320161,2021-07-26,SC,city,160
1320527,2021-07-26,SC,city,5395
1320999,2021-07-26,SC,city,338
1321394,2021-07-26,SC,city,517
1321791,2021-07-26,SC,city,1223
1322238,2021-07-26,SC,city,4822
1322672,2021-07-26,SC,city,242
1323094,2021-07-26,SC,city,2671
1323560,2021-07-26,SC,city,176
1323916,2021-07-26,SC,city,1267
1324374,2021-07-26,SC,city,309
1324782,2021-07-26,SC,city,422
1325192,2021-07-26,SC,city,1088
1325624,2021-07-26,SC,city,1298
1326046,2021-07-26,SC,city,935
1326470,2021-07-26,SC,city,559
1326902,2021-07-26,SC,city,3569
1327374,2021-07-26,SC,city,10088
1327860,2021-07-26,SC,city,677
1328303,2021-07-26,SC,city,440
1328729,2021-07-26,SC,city,2011
1329194,2021-07-26,SC,city,2953
1329653,2021-07-26,SC,city,231
1330017,2021-07-26,SC,city,5265
1330483,2021-07-26,SC,city,3656
1330899,2021-07-26,SC,city,1617
1331342,2021-07-26,SC,city,348
1331739,2021-07-26,SC,city,205
1332181,2021-07-26,SC,city,179
1332568,2021-07-26,SC,city,28218
1333040,2021-07-26,SC,city,983
1333496,2021-07-26,SC,city,326
1333919,2021-07-26,SC,city,1977
1334366,2021-07-26,SC,city,1706
1334844,2021-07-26,SC,city,100
1335254,2021-07-26,SC,city,1290
1335695,2021-07-26,SC,city,339
1336110,2021-07-26,SC,city,1288
1336583,2021-07-26,SC,city,752
1337054,2021-07-26,SC,city,5679
1337512,2021-07-26,SC,city,449
1337962,2021-07-26,SC,city,1953
1338438,2021-07-26,SC,city,817
1338865,2021-07-26,SC,city,3424
1339306,2021-07-26,SC,city,542
1339723,2021-07-26,SC,city,583
1340166,2021-07-26,SC,city,282
1340608,2021-07-26,SC,city,5424
1341094,2021-07-26,SC,city,575
1341492,2021-07-26,SC,city,313
1341890,2021-07-26,SC,city,1305
1342339,2021-07-26,SC,city,2755
1342822,2021-07-26,SC,city,4392
1343263,2021-07-26,SC,city,1793
1343722,2021-07-26,SC,city,1127
1344157,2021-07-26,SC,city,480
1344607,2021-07-26,SC,city,1828
1345024,2021-07-26,SC,city,128
1345392,2021-07-26,SC,city,460
1345776,2021-07-26,SC,city,1584
1346203,2021-07-26,SC,city,475
1346695,2021-07-26,SC,city,795
1347138,2021-07-26,SC,city,5650
1347604,2021-07-26,SC,city,228
1348070,2021-07-26,SC,city,671
1348465,2021-07-26,SC,city,575
1348861,2021-07-26,SC,city,820
1349296,2021-07-26,SC,city,9153
1349758,2021-07-26,SC,city,960
1350148,2021-07-26,SC,city,578
1350569,2021-07-26,SC,city,1536
1351009,2021-07-26,SC,city,392
1351414,2021-07-26,SC,city,839
1351866,2021-07-26,SC,city,240
1352276,2021-07-26,SC,city,696
1352696,2021-07-26,SC,city,1851
1353164,2021-07-26,SC,city,1381
1353628,2021-07-26,SC,city,127
1354075,2021-07-26,SC,city,316
1354543,2021-07-26,SC,city,1221
1355003,2021-07-26,SC,city,477
1355418,2021-07-26,SC,city,323
1355824,2021-07-26,SC,city,146
1356241,2021-07-26,SC,city,3737
1356710,2021-07-26,SC,city,950
1357123,2021-07-26,SC,city,3519
1357589,2021-07-26,SC,city,2823
1358039,2021-07-26,SC,city,304
1358477,2021-07-26,SC,city,1395
1358957,2021-07-26,SC,city,3788
1359428,2021-07-26,SC,city,595
1359826,2021-07-26,SC,city,9972
1360293,2021-07-26,SC,city,364
1360739,2021-07-26,SC,city,456
1361127,2021-07-26,SC,city,880
1361564,2021-07-26,SC,city,204
1361955,2021-07-26,SC,city,1261
1362425,2021-07-26,SC,city,7048
1362903,2021-07-26,SC,city,3040
1363325,2021-07-26,SC,city,34313
1363812,2021-07-26,SC,city,1919
1364235,2021-07-26,SC,city,725
1364629,2021-07-26,SC,city,4827
1365054,2021-07-26,SC,city,639
1365499,2021-07-26,SC,city,631
1365914,2021-07-26,SC,city,1026
1366336,2021-07-26,SC,city,1290
1366815,2021-07-26,SC,city,3060
1367296,2021-07-26,SC,city,748
1367742,2021-07-26,SC,city,285
1368152,2021-07-26,SC,city,5454
1368593,2021-07-26,SC,city,754
1369074,2021-07-26,SC,city,2229
1369521,2021-07-26,SC,city,1425
1369988,2021-07-26,SC,city,370
1370435,2021-07-26,SC,city,6642
1370917,2021-07-26,SC,city,905
1371397,2021-07-26,SC,city,7121
1371866,2021-07-26,SC,city,781
1372259,2021-07-26,SC,city,868
1372688,2021-07-26,SC,city,952
1373127,2021-07-26,SC,city,1188
1373589,2021-07-26,SC,city,1255
1374029,2021-07-26,SC,city,2174
1374476,2021-07-26,SC,city,20803
1374964,2021-07-26,SC,city,1145
1375413,2021-07-26,SC,city,2109
1375862,2021-07-26,SC,city,356
1376278,2021-07-26,SC,city,728
1376696,2021-07-26,SC,city,285
1377037,2021-07-26,SC,city,3975
1377515,2021-07-26,SC,city,512
1377946,2021-07-26,SC,city,799
1378398,2021-07-26,SC,city,364
1378816,2021-07-26,SC,city,633
1379282,2021-07-26,SC,city,11062
1379751,2021-07-26,SC,city,421
1380134,2021-07-26,SC,city,396
1380516,2021-07-26,SC,city,9787
1380955,2021-07-26,SC,city,399
1381404,2021-07-26,SC,city,4133
1381860,2021-07-26,SC,city,849
1382307,2021-07-26,SC,city,1257
1382749,2021-07-26,SC,city,535
1383168,2021-07-26,SC,city,721
1383637,2021-07-26,SC,city,512
1384085,2021-07-26,RS,state,1353052
1580616,2021-07-26,PI,state,307881
1581111,2021-07-26,PI,city,205
1581530,2021-07-26,PI,city,504
1581941,2021-07-26,PI,city,376
1582366,2021-07-26,PI,city,515
1582773,2021-07-26,PI,city,653
1583214,2021-07-26,PI,city,4462
1583682,2021-07-26,PI,city,436
1584141,2021-07-26,PI,city,1553
1584592,2021-07-26,PI,city,872
1585057,2021-07-26,PI,city,406
1585451,2021-07-26,PI,city,290
1585909,2021-07-26,PI,city,590
1586363,2021-07-26,PI,city,129
1586752,2021-07-26,PI,city,159
1587089,2021-07-26,PI,city,343
1587496,2021-07-26,PI,city,441
1587931,2021-07-26,PI,city,2638
1588377,2021-07-26,PI,city,151
1588776,2021-07-26,PI,city,5091
1589232,2021-07-26,PI,city,95
1589662,2021-07-26,PI,city,699
1590090,2021-07-26,PI,city,1204
1590539,2021-07-26,PI,city,263
1590977,2021-07-26,PI,city,480
1591411,2021-07-26,PI,city,1283
1591860,2021-07-26,PI,city,884
1592310,2021-07-26,PI,city,173
1592773,2021-07-26,PI,city,559
1593227,2021-07-26,PI,city,324
1593658,2021-07-26,PI,city,3697
1594117,2021-07-26,PI,city,138
1594583,2021-07-26,PI,city,461
1595051,2021-07-26,PI,city,735
1595467,2021-07-26,PI,city,627
1595894,2021-07-26,PI,city,154
1596282,2021-07-26,PI,city,1310
1596739,2021-07-26,PI,city,714
1597172,2021-07-26,PI,city,658
1597606,2021-07-26,PI,city,75
1598036,2021-07-26,PI,city,481
1598455,2021-07-26,PI,city,408
1598885,2021-07-26,PI,city,224
1599310,2021-07-26,PI,city,118
1599736,2021-07-26,PI,city,499
1600174,2021-07-26,PI,city,498
1600605,2021-07-26,PI,city,5527
1601085,2021-07-26,PI,city,175
1601406,2021-07-26,PI,city,1331
1601864,2021-07-26,PI,city,65
1602296,2021-07-26,PI,city,771
1602730,2021-07-26,PI,city,387
1603200,2021-07-26,PI,city,190
1603625,2021-07-26,PI,city,593
1604040,2021-07-26,PI,city,1783
1604500,2021-07-26,PI,city,150
1604920,2021-07-26,PI,city,1449
1605369,2021-07-26,PI,city,489
1605814,2021-07-26,PI,city,408
1606265,2021-07-26,PI,city,277
1606711,2021-07-26,PI,city,555
1607174,2021-07-26,PI,city,435
1607625,2021-07-26,PI,city,354
1608015,2021-07-26,PI,city,128
1608415,2021-07-26,PI,city,1850
1608871,2021-07-26,PI,city,53
1609235,2021-07-26,PI,city,882
1609665,2021-07-26,PI,city,1165
1610099,2021-07-26,PI,city,304
1610545,2021-07-26,PI,city,284
1610972,2021-07-26,PI,city,332
1611397,2021-07-26,PI,city,3187
1611864,2021-07-26,PI,city,217
1612301,2021-07-26,PI,city,556
1612743,2021-07-26,PI,city,281
1613178,2021-07-26,PI,city,237
1613608,2021-07-26,PI,city,694
1614065,2021-07-26,PI,city,289
1614447,2021-07-26,PI,city,2789
1614913,2021-07-26,PI,city,183
1615369,2021-07-26,PI,city,181
1615785,2021-07-26,PI,city,98
1616197,2021-07-26,PI,city,8460
1616661,2021-07-26,PI,city,73
1617127,2021-07-26,PI,city,242
1617580,2021-07-26,PI,city,471
1617951,2021-07-26,PI,city,454
1618401,2021-07-26,PI,city,805
1618846,2021-07-26,PI,city,341
1619249,2021-07-26,PI,city,650
1619677,2021-07-26,PI,city,1200
1620104,2021-07-26,PI,city,104
1620487,2021-07-26,PI,city,523
1620921,2021-07-26,PI,city,1074
1621380,2021-07-26,PI,city,1567
1621847,2021-07-26,PI,city,673
1622292,2021-07-26,PI,city,737
1622717,2021-07-26,PI,city,639
1623146,2021-07-26,PI,city,152
1623609,2021-07-26,PI,city,379
1624004,2021-07-26,PI,city,1862
1624438,2021-07-26,PI,city,237
1624792,2021-07-26,PI,city,302
1625207,2021-07-26,PI,city,208
1625627,2021-07-26,PI,city,1620
1626060,2021-07-26,PI,city,577
1626466,2021-07-26,PI,city,5830
1626925,2021-07-26,PI,city,184
1627283,2021-07-26,PI,city,361
1627717,2021-07-26,PI,city,273
1628110,2021-07-26,PI,city,147
1628561,2021-07-26,PI,city,359
1628966,2021-07-26,PI,city,483
1629389,2021-07-26,PI,city,1018
1629853,2021-07-26,PI,city,889
1630293,2021-07-26,PI,city,95
1630730,2021-07-26,PI,city,285
1631147,2021-07-26,PI,city,1149
1631585,2021-07-26,PI,city,2704
1632045,2021-07-26,PI,city,1811
1632511,2021-07-26,PI,city,408
1632940,2021-07-26,PI,city,483
1633399,2021-07-26,PI,city,874
1633842,2021-07-26,PI,city,376
1634291,2021-07-26,PI,city,235
1634697,2021-07-26,PI,city,683
1635137,2021-07-26,PI,city,2083
1635600,2021-07-26,PI,city,249
1635998,2021-07-26,PI,city,269
1636425,2021-07-26,PI,city,1527
1636881,2021-07-26,PI,city,509
1637332,2021-07-26,PI,city,1124
1637744,2021-07-26,PI,city,160
1638199,2021-07-26,PI,city,988
1638643,2021-07-26,PI,city,291
1639050,2021-07-26,PI,city,377
1639510,2021-07-26,PI,city,438
1639972,2021-07-26,PI,city,446
1640381,2021-07-26,PI,city,719
1640815,2021-07-26,PI,city,146
1641250,2021-07-26,PI,city,387
1641652,2021-07-26,PI,city,251
1642082,2021-07-26,PI,city,4867
1642540,2021-07-26,PI,city,213
1642975,2021-07-26,PI,city,517
1643408,2021-07-26,PI,city,106
1643820,2021-07-26,PI,city,89
1644223,2021-07-26,PI,city,230
1644634,2021-07-26,PI,city,313
1645089,2021-07-26,PI,city,157
1645481,2021-07-26,PI,city,283
1645914,2021-07-26,PI,city,15916
1646400,2021-07-26,PI,city,247
1646835,2021-07-26,PI,city,333
1647248,2021-07-26,PI,city,346
1647687,2021-07-26,PI,city,1203
1648121,2021-07-26,PI,city,325
1648559,2021-07-26,PI,city,4379
1649023,2021-07-26,PI,city,66
1649456,2021-07-26,PI,city,8164
1649924,2021-07-26,PI,city,990
1650394,2021-07-26,PI,city,987
1650850,2021-07-26,PI,city,2951
1651327,2021-07-26,PI,city,10562
1651785,2021-07-26,PI,city,533
1652235,2021-07-26,PI,city,183
1652616,2021-07-26,PI,city,152
1653029,2021-07-26,PI,city,728
1653484,2021-07-26,PI,city,618
1653929,2021-07-26,PI,city,1001
1654379,2021-07-26,PI,city,137
1654745,2021-07-26,PI,city,41
1655210,2021-07-26,PI,city,827
1655650,2021-07-26,PI,city,428
1656108,2021-07-26,PI,city,824
1656541,2021-07-26,PI,city,270
1656933,2021-07-26,PI,city,109
1657358,2021-07-26,PI,city,214
1657805,2021-07-26,PI,city,139
1658208,2021-07-26,PI,city,174
1658634,2021-07-26,PI,city,104
1659067,2021-07-26,PI,city,177
1659480,2021-07-26,PI,city,272
1659888,2021-07-26,PI,city,23
1660287,2021-07-26,PI,city,453
1660676,2021-07-26,PI,city,444
1661115,2021-07-26,PI,city,1413
1661559,2021-07-26,PI,city,933
1661984,2021-07-26,PI,city,158
1662424,2021-07-26,PI,city,443
1662843,2021-07-26,PI,city,99
1663229,2021-07-26,PI,city,60
1663658,2021-07-26,PI,city,142
1664115,2021-07-26,PI,city,295
1664508,2021-07-26,PI,city,190
1664911,2021-07-26,PI,city,456
1665362,2021-07-26,PI,city,233
1665849,2021-07-26,PI,city,103
1666295,2021-07-26,PI,city,201
1666761,2021-07-26,PI,city,478
1667199,2021-07-26,PI,city,250
1667644,2021-07-26,PI,city,352
1668062,2021-07-26,PI,city,268
1668457,2021-07-26,PI,city,880
1668880,2021-07-26,PI,city,1844
1669332,2021-07-26,PI,city,354
1669785,2021-07-26,PI,city,66
1670239,2021-07-26,PI,city,134
1670685,2021-07-26,PI,city,188
1671136,2021-07-26,PI,city,149
1671528,2021-07-26,PI,city,625
1671953,2021-07-26,PI,city,1472
1672408,2021-07-26,PI,city,3705
1672877,2021-07-26,PI,city,54
1673267,2021-07-26,PI,city,192
1673671,2021-07-26,PI,city,102797
1674166,2021-07-26,PI,city,2260
1674631,2021-07-26,PI,city,3932
1675087,2021-07-26,PI,city,1810
1675539,2021-07-26,PI,city,230
1675981,2021-07-26,PI,city,280
1676431,2021-07-26,PI,city,202
1676858,2021-07-26,PI,city,532
1677316,2021-07-26,PI,city,333
1677719,2021-07-26,PI,city,1488
1678180,2021-07-26,PB,state,418590
1770828,2021-07-26,PR,state,1366309
1771328,2021-07-26,PR,city,1089
1771771,2021-07-26,PR,city,1387
1772180,2021-07-26,PR,city,716
1772622,2021-07-26,PR,city,10242
1773104,2021-07-26,PR,city,232
1773526,2021-07-26,PR,city,1255
1773989,2021-07-26,PR,city,311
1774419,2021-07-26,PR,city,1040
1774823,2021-07-26,PR,city,1395
1775227,2021-07-26,PR,city,826
1775676,2021-07-26,PR,city,421
1776138,2021-07-26,PR,city,2307
1776585,2021-07-26,PR,city,357
1777017,2021-07-26,PR,city,2480
1777453,2021-07-26,PR,city,2549
1777874,2021-07-26,PR,city,522
1778289,2021-07-26,PR,city,10368
1778757,2021-07-26,PR,city,13638
1779237,2021-07-26,PR,city,3140
1779656,2021-07-26,PR,city,221
1780046,2021-07-26,PR,city,2115
1780524,2021-07-26,PR,city,26612
1781004,2021-07-26,PR,city,177
1781386,2021-07-26,PR,city,1373
1781852,2021-07-26,PR,city,4728
1782332,2021-07-26,PR,city,3315
1782732,2021-07-26,PR,city,452
1783141,2021-07-26,PR,city,1651
1783617,2021-07-26,PR,city,5221
1784092,2021-07-26,PR,city,1238
1784510,2021-07-26,PR,city,256
1784896,2021-07-26,PR,city,1344
1785353,2021-07-26,PR,city,192
1785731,2021-07-26,PR,city,1871
1786161,2021-07-26,PR,city,1327
1786580,2021-07-26,PR,city,439
1786972,2021-07-26,PR,city,179
1787354,2021-07-26,PR,city,523
1787736,2021-07-26,PR,city,1033
1788195,2021-07-26,PR,city,2060
1788614,2021-07-26,PR,city,498
1789028,2021-07-26,PR,city,1257
1789431,2021-07-26,PR,city,528
1789813,2021-07-26,PR,city,844
1790211,2021-07-26,PR,city,544
1790642,2021-07-26,PR,city,403
1791039,2021-07-26,PR,city,410
1791480,2021-07-26,PR,city,2525
1791911,2021-07-26,PR,city,434
1792321,2021-07-26,PR,city,1273
1792735,2021-07-26,PR,city,2975
1793171,2021-07-26,PR,city,1066
1793561,2021-07-26,PR,city,11602
1794041,2021-07-26,PR,city,5427
1794519,2021-07-26,PR,city,1625
1794991,2021-07-26,PR,city,410
1795373,2021-07-26,PR,city,392
1795814,2021-07-26,PR,city,18886
1796309,2021-07-26,PR,city,3256
1796787,2021-07-26,PR,city,14103
1797274,2021-07-26,PR,city,367
1797728,2021-07-26,PR,city,1408
1798149,2021-07-26,PR,city,1110
1798566,2021-07-26,PR,city,2562
1798998,2021-07-26,PR,city,1763
1799428,2021-07-26,PR,city,3538
1799859,2021-07-26,PR,city,749
1800311,2021-07-26,PR,city,40764
1800800,2021-07-26,PR,city,11495
1801283,2021-07-26,PR,city,1026
1801703,2021-07-26,PR,city,1006
1802143,2021-07-26,PR,city,1425
1802545,2021-07-26,PR,city,2541
1803022,2021-07-26,PR,city,9281
1803520,2021-07-26,PR,city,1885
1803957,2021-07-26,PR,city,2127
1804375,2021-07-26,PR,city,23934
1804865,2021-07-26,PR,city,2736
1805307,2021-07-26,PR,city,1065
1805734,2021-07-26,PR,city,709
1806155,2021-07-26,PR,city,2274
1806638,2021-07-26,PR,city,2468
1807067,2021-07-26,PR,city,7084
1807546,2021-07-26,PR,city,1262
1807970,2021-07-26,PR,city,3244
1808409,2021-07-26,PR,city,394
1808816,2021-07-26,PR,city,1136
1809222,2021-07-26,PR,city,482
1809655,2021-07-26,PR,city,3066
1810082,2021-07-26,PR,city,472
1810544,2021-07-26,PR,city,260
1810959,2021-07-26,PR,city,190581
1811457,2021-07-26,PR,city,1331
1811875,2021-07-26,PR,city,1226
1812285,2021-07-26,PR,city,1450
1812739,2021-07-26,PR,city,646
1813142,2021-07-26,PR,city,343
1813570,2021-07-26,PR,city,368
1814001,2021-07-26,PR,city,6877
1814464,2021-07-26,PR,city,910
1814894,2021-07-26,PR,city,657
1815324,2021-07-26,PR,city,345
1815706,2021-07-26,PR,city,1508
1816113,2021-07-26,PR,city,451
1816513,2021-07-26,PR,city,737
1816928,2021-07-26,PR,city,309
1817310,2021-07-26,PR,city,412
1817711,2021-07-26,PR,city,189
1818096,2021-07-26,PR,city,2313
1818583,2021-07-26,PR,city,14531
1819063,2021-07-26,PR,city,543
1819495,2021-07-26,PR,city,875
1819934,2021-07-26,PR,city,564
1820316,2021-07-26,PR,city,549
1820710,2021-07-26,PR,city,1091
1821169,2021-07-26,PR,city,1101
1821597,2021-07-26,PR,city,308
1821993,2021-07-26,PR,city,618
1822396,2021-07-26,PR,city,42460
1822890,2021-07-26,PR,city,544
1823312,2021-07-26,PR,city,445
1823738,2021-07-26,PR,city,15728
1824219,2021-07-26,PR,city,397
1824603,2021-07-26,PR,city,531
1825045,2021-07-26,PR,city,184
1825427,2021-07-26,PR,city,1978
1825907,2021-07-26,PR,city,404
1826337,2021-07-26,PR,city,595
1826719,2021-07-26,PR,city,419
1827184,2021-07-26,PR,city,1180
1827584,2021-07-26,PR,city,532
1828011,2021-07-26,PR,city,245
1828435,2021-07-26,PR,city,573
1828899,2021-07-26,PR,city,1476
1829376,2021-07-26,PR,city,21429
1829861,2021-07-26,PR,city,728
1830304,2021-07-26,PR,city,4811
1830761,2021-07-26,PR,city,3711
1831253,2021-07-26,PR,city,580
1831637,2021-07-26,PR,city,3741
1832117,2021-07-26,PR,city,499
1832594,2021-07-26,PR,city,6439
1833055,2021-07-26,PR,city,866
1833474,2021-07-26,PR,city,582
1833898,2021-07-26,PR,city,255
1834323,2021-07-26,PR,city,1940
1834786,2021-07-26,PR,city,4641
1835227,2021-07-26,PR,city,6531
1835717,2021-07-26,PR,city,374
1836121,2021-07-26,PR,city,871
1836541,2021-07-26,PR,city,1239
1836987,2021-07-26,PR,city,1262
1837381,2021-07-26,PR,city,1487
1837780,2021-07-26,PR,city,226
1838203,2021-07-26,PR,city,7728
1838639,2021-07-26,PR,city,977
1839124,2021-07-26,PR,city,326
1839537,2021-07-26,PR,city,1462
1839974,2021-07-26,PR,city,839
1840398,2021-07-26,PR,city,743
1840788,2021-07-26,PR,city,2043
1841214,2021-07-26,PR,city,3835
1841677,2021-07-26,PR,city,263
1842129,2021-07-26,PR,city,3632
1842602,2021-07-26,PR,city,280
1842998,2021-07-26,PR,city,571
1843398,2021-07-26,PR,city,1059
1843849,2021-07-26,PR,city,567
1844248,2021-07-26,PR,city,5917
1844709,2021-07-26,PR,city,1827
1845172,2021-07-26,PR,city,4725
1845608,2021-07-26,PR,city,2968
1846027,2021-07-26,PR,city,479
1846455,2021-07-26,PR,city,604
1846870,2021-07-26,PR,city,1160
1847332,2021-07-26,PR,city,989
1847753,2021-07-26,PR,city,59
1848153,2021-07-26,PR,city,1766
1848621,2021-07-26,PR,city,990
1849049,2021-07-26,PR,city,1986
1849468,2021-07-26,PR,city,175
1849880,2021-07-26,PR,city,1010
1850298,2021-07-26,PR,city,656
1850767,2021-07-26,PR,city,1235
1851204,2021-07-26,PR,city,4047
1851685,2021-07-26,PR,city,369
1852067,2021-07-26,PR,city,2403
1852502,2021-07-26,PR,city,404
1852981,2021-07-26,PR,city,396
1853385,2021-07-26,PR,city,443
1853810,2021-07-26,PR,city,2524
1854259,2021-07-26,PR,city,538
1854689,2021-07-26,PR,city,73045
1855184,2021-07-26,PR,city,753
1855615,2021-07-26,PR,city,537
1856020,2021-07-26,PR,city,332
1856472,2021-07-26,PR,city,728
1856916,2021-07-26,PR,city,1247
1857353,2021-07-26,PR,city,4754
1857813,2021-07-26,PR,city,3871
1858270,2021-07-26,PR,city,3369
1858749,2021-07-26,PR,city,230
1859170,2021-07-26,PR,city,2054
1859606,2021-07-26,PR,city,1475
1860078,2021-07-26,PR,city,6329
1860561,2021-07-26,PR,city,544
1860990,2021-07-26,PR,city,5717
1861435,2021-07-26,PR,city,674
1861888,2021-07-26,PR,city,1427
1862309,2021-07-26,PR,city,1097
1862756,2021-07-26,PR,city,59082
1863250,2021-07-26,PR,city,627
1863668,2021-07-26,PR,city,657
1864152,2021-07-26,PR,city,2126
1864565,2021-07-26,PR,city,360
1864974,2021-07-26,PR,city,684
1865445,2021-07-26,PR,city,2934
1865875,2021-07-26,PR,city,3575
1866357,2021-07-26,PR,city,139
1866739,2021-07-26,PR,city,940
1867148,2021-07-26,PR,city,7506
1867631,2021-07-26,PR,city,474
1868026,2021-07-26,PR,city,173
1868477,2021-07-26,PR,city,216
1868859,2021-07-26,PR,city,1207
1869294,2021-07-26,PR,city,1031
1869719,2021-07-26,PR,city,2180
1870182,2021-07-26,PR,city,490
1870572,2021-07-26,PR,city,544
1870961,2021-07-26,PR,city,142
1871407,2021-07-26,PR,city,426
1871825,2021-07-26,PR,city,1462
1872258,2021-07-26,PR,city,728
1872644,2021-07-26,PR,city,2321
1873103,2021-07-26,PR,city,632
1873494,2021-07-26,PR,city,648
1873947,2021-07-26,PR,city,881
1874334,2021-07-26,PR,city,1542
1874797,2021-07-26,PR,city,707
1875215,2021-07-26,PR,city,1210
1875614,2021-07-26,PR,city,577
1875996,2021-07-26,PR,city,886
1876382,2021-07-26,PR,city,488
1876772,2021-07-26,PR,city,284
1877158,2021-07-26,PR,city,2164
1877584,2021-07-26,PR,city,302
1877974,2021-07-26,PR,city,887
1878371,2021-07-26,PR,city,4939
1878842,2021-07-26,PR,city,6675
1879319,2021-07-26,PR,city,4064
1879798,2021-07-26,PR,city,1256
1880193,2021-07-26,PR,city,5175
1880643,2021-07-26,PR,city,904
1881105,2021-07-26,PR,city,22006
1881584,2021-07-26,PR,city,243
1882039,2021-07-26,PR,city,10875
1882527,2021-07-26,PR,city,2117
1882981,2021-07-26,PR,city,568
1883392,2021-07-26,PR,city,12013
1883883,2021-07-26,PR,city,569
1884319,2021-07-26,PR,city,369
1884728,2021-07-26,PR,city,1600
1885211,2021-07-26,PR,city,862
1885600,2021-07-26,PR,city,17528
1886091,2021-07-26,PR,city,195
1886552,2021-07-26,PR,city,740
1886941,2021-07-26,PR,city,2242
1887418,2021-07-26,PR,city,12947
1887896,2021-07-26,PR,city,3208
1888311,2021-07-26,PR,city,3337
1888742,2021-07-26,PR,city,377
1889124,2021-07-26,PR,city,1657
1889560,2021-07-26,PR,city,387
1890022,2021-07-26,PR,city,1236
1890443,2021-07-26,PR,city,44112
1890934,2021-07-26,PR,city,3375
1891376,2021-07-26,PR,city,1575
1891795,2021-07-26,PR,city,459
1892191,2021-07-26,PR,city,291
1892606,2021-07-26,PR,city,371
1892988,2021-07-26,PR,city,122
1893380,2021-07-26,PR,city,152
1893833,2021-07-26,PR,city,620
1894233,2021-07-26,PR,city,650
1894655,2021-07-26,PR,city,477
1895130,2021-07-26,PR,city,3252
1895532,2021-07-26,PR,city,1344
1895929,2021-07-26,PR,city,455
1896331,2021-07-26,PR,city,271
1896761,2021-07-26,PR,city,1461
1897245,2021-07-26,PR,city,3426
1897725,2021-07-26,PR,city,620
1898138,2021-07-26,PR,city,3547
1898564,2021-07-26,PR,city,1140
1899023,2021-07-26,PR,city,591
1899423,2021-07-26,PR,city,1660
1899897,2021-07-26,PR,city,472
1900359,2021-07-26,PR,city,319
1900784,2021-07-26,PR,city,286
1901197,2021-07-26,PR,city,2265
1901640,2021-07-26,PR,city,1642
1902078,2021-07-26,PR,city,786
1902488,2021-07-26,PR,city,3198
1902920,2021-07-26,PR,city,639
1903341,2021-07-26,PR,city,1082
1903736,2021-07-26,PR,city,1523
1904189,2021-07-26,PR,city,1317
1904601,2021-07-26,PR,city,364
1904983,2021-07-26,PR,city,954
1905408,2021-07-26,PR,city,355
1905801,2021-07-26,PR,city,5576
1906283,2021-07-26,PR,city,2290
1906768,2021-07-26,PR,city,7150
1907245,2021-07-26,PR,city,1031
1907638,2021-07-26,PR,city,1063
1908066,2021-07-26,PR,city,471
1908448,2021-07-26,PR,city,1125
1908843,2021-07-26,PR,city,482
1909264,2021-07-26,PR,city,926
1909696,2021-07-26,PR,city,1467
1910104,2021-07-26,PR,city,471
1910519,2021-07-26,PR,city,449
1910945,2021-07-26,PR,city,837
1911412,2021-07-26,PR,city,964
1911888,2021-07-26,PR,city,3595
1912299,2021-07-26,PR,city,162
1912714,2021-07-26,PR,city,1199
1913177,2021-07-26,PR,city,1219
1913571,2021-07-26,PR,city,249
1913994,2021-07-26,PR,city,785
1914376,2021-07-26,PR,city,1352
1914828,2021-07-26,PR,city,338
1915297,2021-07-26,PR,city,1201
1915736,2021-07-26,PR,city,3168
1916198,2021-07-26,PR,city,872
1916665,2021-07-26,PR,city,6157
1917103,2021-07-26,PR,city,189
1917568,2021-07-26,PR,city,282
1917951,2021-07-26,PR,city,2208
1918364,2021-07-26,PR,city,547
1918810,2021-07-26,PR,city,736
1919240,2021-07-26,PR,city,11709
1919718,2021-07-26,PR,city,775
1920151,2021-07-26,PR,city,2351
1920551,2021-07-26,PR,city,644
1920961,2021-07-26,PR,city,608
1921437,2021-07-26,PR,city,2675
1921872,2021-07-26,PR,city,3440
1922330,2021-07-26,PR,city,388
1922714,2021-07-26,PR,city,1043
1923096,2021-07-26,PR,city,709
1923486,2021-07-26,PR,city,1472
1923878,2021-07-26,PR,city,759
1924272,2021-07-26,PR,city,938
1924661,2021-07-26,PR,city,646
1925104,2021-07-26,PR,city,383
1925511,2021-07-26,PR,city,30476
1925994,2021-07-26,PR,city,1501
1926430,2021-07-26,PR,city,533
1926897,2021-07-26,PR,city,1272
1927370,2021-07-26,PR,city,577
1927791,2021-07-26,PR,city,200
1928270,2021-07-26,PR,city,3394
1928695,2021-07-26,PR,city,3437
1929133,2021-07-26,PR,city,661
1929542,2021-07-26,PR,city,1326
1929930,2021-07-26,PR,city,215
1930312,2021-07-26,PR,city,868
1930716,2021-07-26,PR,city,688
1931141,2021-07-26,PR,city,1084
1931572,2021-07-26,PR,city,560
1932034,2021-07-26,PR,city,1951
1932463,2021-07-26,PR,city,604
1932854,2021-07-26,PR,city,786
1933261,2021-07-26,PR,city,16242
1933749,2021-07-26,PR,city,2482
1934228,2021-07-26,PR,city,884
1934711,2021-07-26,PR,city,1896
1935133,2021-07-26,PR,city,2546
1935548,2021-07-26,PR,city,1885
1935987,2021-07-26,PR,city,24142
1936460,2021-07-26,PR,city,741
1936884,2021-07-26,PR,city,1410
1937335,2021-07-26,PR,city,763
1937717,2021-07-26,PR,city,980
1938157,2021-07-26,PR,city,810
1938624,2021-07-26,PR,city,2471
1939030,2021-07-26,PR,city,1426
1939440,2021-07-26,PR,city,16672
1939931,2021-07-26,PR,city,109
1940315,2021-07-26,PR,city,7103
1940800,2021-07-26,PR,city,706
1941245,2021-07-26,PR,city,1077
1941627,2021-07-26,PR,city,1161
1942040,2021-07-26,PR,city,1137
1942521,2021-07-26,PR,city,301
1942934,2021-07-26,PR,city,1054
1943408,2021-07-26,PR,city,2114
1943847,2021-07-26,PR,city,494
1944230,2021-07-26,PR,city,368
1944656,2021-07-26,PE,state,586023
1945158,2021-07-26,PE,city,3258
1945619,2021-07-26,PE,city,5159
1946060,2021-07-26,PE,city,959
1946501,2021-07-26,PE,city,1728
1946947,2021-07-26,PE,city,1319
1947398,2021-07-26,PE,city,666
1947867,2021-07-26,PE,city,1313
1948318,2021-07-26,PE,city,633
1948772,2021-07-26,PE,city,225
1949186,2021-07-26,PE,city,7193
1949623,2021-07-26,PE,city,669
1950080,2021-07-26,PE,city,6382
1950542,2021-07-26,PE,city,438
1950972,2021-07-26,PE,city,792
1951411,2021-07-26,PE,city,4114
1951893,2021-07-26,PE,city,283
1952327,2021-07-26,PE,city,978
1952753,2021-07-26,PE,city,505
1953198,2021-07-26,PE,city,3847
1953655,2021-07-26,PE,city,2055
1954085,2021-07-26,PE,city,2246
1954545,2021-07-26,PE,city,1794
1955008,2021-07-26,PE,city,1022
1955460,2021-07-26,PE,city,763
1955875,2021-07-26,PE,city,2253
1956313,2021-07-26,PE,city,476
1956724,2021-07-26,PE,city,367
1957161,2021-07-26,PE,city,2483
1957598,2021-07-26,PE,city,9150
1958065,2021-07-26,PE,city,2367
1958510,2021-07-26,PE,city,630
1958974,2021-07-26,PE,city,1630
1959425,2021-07-26,PE,city,743
1959834,2021-07-26,PE,city,540
1960259,2021-07-26,PE,city,7334
1960733,2021-07-26,PE,city,574
1961180,2021-07-26,PE,city,859
1961612,2021-07-26,PE,city,598
1962042,2021-07-26,PE,city,1331
1962503,2021-07-26,PE,city,216
1962947,2021-07-26,PE,city,2498
1963403,2021-07-26,PE,city,4346
1963864,2021-07-26,PE,city,33288
1964342,2021-07-26,PE,city,400
1964769,2021-07-26,PE,city,1284
1965232,2021-07-26,PE,city,1842
1965676,2021-07-26,PE,city,488
1966134,2021-07-26,PE,city,478
1966590,2021-07-26,PE,city,1416
1967037,2021-07-26,PE,city,299
1967483,2021-07-26,PE,city,233
1967923,2021-07-26,PE,city,581
1968363,2021-07-26,PE,city,2462
1968817,2021-07-26,PE,city,941
1969268,2021-07-26,PE,city,1295
1969687,2021-07-26,PE,city,913
1970141,2021-07-26,PE,city,4346
1970544,2021-07-26,PE,city,1528
1970998,2021-07-26,PE,city,292
1971472,2021-07-26,PE,city,1017
1971922,2021-07-26,PE,city,1120
1972364,2021-07-26,PE,city,1903
1972800,2021-07-26,PE,city,1311
1973261,2021-07-26,PE,city,507
1973720,2021-07-26,PE,city,14154
1974181,2021-07-26,PE,city,1170
1974639,2021-07-26,PE,city,7386
1975113,2021-07-26,PE,city,434
1975557,2021-07-26,PE,city,5265
1976014,2021-07-26,PE,city,786
1976433,2021-07-26,PE,city,984
1976879,2021-07-26,PE,city,279
1977319,2021-07-26,PE,city,3992
1977782,2021-07-26,PE,city,838
1978226,2021-07-26,PE,city,1230
1978682,2021-07-26,PE,city,0
1979166,2021-07-26,PE,city,473
1979615,2021-07-26,PE,city,466
1980025,2021-07-26,PE,city,3395
1980485,2021-07-26,PE,city,1254
1980955,2021-07-26,PE,city,321
1981368,2021-07-26,PE,city,1543
1981817,2021-07-26,PE,city,1384
1982267,2021-07-26,PE,city,854
1982725,2021-07-26,PE,city,603
1983170,2021-07-26,PE,city,993
1983602,2021-07-26,PE,city,34341
1984084,2021-07-26,PE,city,339
1984527,2021-07-26,PE,city,1081
1984976,2021-07-26,PE,city,867
1985427,2021-07-26,PE,city,503
1985865,2021-07-26,PE,city,756
1986326,2021-07-26,PE,city,698
1986774,2021-07-26,PE,city,1192
1987225,2021-07-26,PE,city,548
1987671,2021-07-26,PE,city,1734
1988097,2021-07-26,PE,city,1170
1988550,2021-07-26,PE,city,1194
1989014,2021-07-26,PE,city,536
1989458,2021-07-26,PE,city,723
1989915,2021-07-26,PE,city,2479
1990359,2021-07-26,PE,city,3112
1990820,2021-07-26,PE,city,1268
1991283,2021-07-26,PE,city,689
1991741,2021-07-26,PE,city,441
1992133,2021-07-26,PE,city,330
1992567,2021-07-26,PE,city,900
1992950,2021-07-26,PE,city,733
1993368,2021-07-26,PE,city,1921
1993831,2021-07-26,PE,city,1113
1994279,2021-07-26,PE,city,22415
1994758,2021-07-26,PE,city,1251
1995202,2021-07-26,PE,city,714
1995650,2021-07-26,PE,city,3129
1996094,2021-07-26,PE,city,4043
1996565,2021-07-26,PE,city,230
1996989,2021-07-26,PE,city,1056
1997437,2021-07-26,PE,city,504
1997865,2021-07-26,PE,city,1275
1998285,2021-07-26,PE,city,1433
1998747,2021-07-26,PE,city,2785
1999211,2021-07-26,PE,city,10684
1999678,2021-07-26,PE,city,1171
2000129,2021-07-26,PE,city,4836
2000582,2021-07-26,PE,city,29423
2001060,2021-07-26,PE,city,1805
2001502,2021-07-26,PE,city,1858
2001963,2021-07-26,PE,city,602
2002414,2021-07-26,PE,city,314
2002857,2021-07-26,PE,city,723
2003316,2021-07-26,PE,city,518
2003763,2021-07-26,PE,city,144296
2004249,2021-07-26,PE,city,1253
2004672,2021-07-26,PE,city,486
2005127,2021-07-26,PE,city,1026
2005580,2021-07-26,PE,city,574
2006020,2021-07-26,PE,city,225
2006445,2021-07-26,PE,city,7736
2006908,2021-07-26,PE,city,681
2007338,2021-07-26,PE,city,1429
2007788,2021-07-26,PE,city,908
2008222,2021-07-26,PE,city,599
2008643,2021-07-26,PE,city,8672
2009102,2021-07-26,PE,city,533
2009513,2021-07-26,PE,city,1243
2009953,2021-07-26,PE,city,617
2010395,2021-07-26,PE,city,1009
2010809,2021-07-26,PE,city,10319
2011269,2021-07-26,PE,city,1208
2011698,2021-07-26,PE,city,3031
2012157,2021-07-26,PE,city,915
2012608,2021-07-26,PE,city,693
2013015,2021-07-26,PE,city,4568
2013469,2021-07-26,PE,city,367
2013900,2021-07-26,PE,city,2896
2014359,2021-07-26,PE,city,1863
2014819,2021-07-26,PE,city,887
2015263,2021-07-26,PE,city,1622
2015721,2021-07-26,PE,city,2485
2016163,2021-07-26,PE,city,2662
2016616,2021-07-26,PE,city,926
2017056,2021-07-26,PE,city,4262
2017529,2021-07-26,PE,city,1330
2017982,2021-07-26,PE,city,2959
2018431,2021-07-26,PE,city,515
2018850,2021-07-26,PE,city,793
2019267,2021-07-26,PE,city,658
2019714,2021-07-26,PE,city,766
2020155,2021-07-26,PE,city,537
2020584,2021-07-26,PE,city,990
2021028,2021-07-26,PE,city,3615
2021491,2021-07-26,PE,city,1541
2021950,2021-07-26,PE,city,247
2022409,2021-07-26,PE,city,1963
2022855,2021-07-26,PE,city,972
2023310,2021-07-26,PE,city,964
2023761,2021-07-26,PE,city,436
2024211,2021-07-26,PE,city,1431
2024655,2021-07-26,PE,city,524
2025074,2021-07-26,PE,city,609
2025503,2021-07-26,PE,city,1371
2025956,2021-07-26,PE,city,766
2026406,2021-07-26,PE,city,7141
2026869,2021-07-26,PE,city,520
2027316,2021-07-26,PE,city,1544
2027760,2021-07-26,PE,city,1919
2028199,2021-07-26,SP,state,4003549
